avg score	scores	id	question	answer	response
b	['b', 'b', 'd', 'b', 'd']	13	starting from what age ?	three	three age from three age	[('b', 'AZ4IFIU17NQ10', 423), ('b', 'A3BAOQ3YJGTXM6', 91), ('d', 'A23HZ18KTCK2DA', 649), ('b', 'A1PF01FF85HUY4', 42), ('d', 'A9KV8Q3VJY3Q5', 55)]
b	['b', 'b', 'b', 'b', 'e']	12	how many men were coming for them ?	50 .	50 .	[('b', 'A23HZ18KTCK2DA', 2006), ('b', 'AZ4IFIU17NQ10', 197), ('b', 'A1PF01FF85HUY4', 51), ('b', 'A3BAOQ3YJGTXM6', 51), ('e', 'A9KV8Q3VJY3Q5', 55)]
b	['b', 'b', 'b', 'b', 'b']	49	what color fish ?	red .	red .	[('b', 'A250TNE6XDKH4N', 355), ('b', 'A23HZ18KTCK2DA', 639), ('b', 'A3BAOQ3YJGTXM6', 206), ('b', 'A1PF01FF85HUY4', 63), ('b', 'AOMFEAWQHU3D8', 1687)]
b	['b', 'b', 'd', 'b', 'd']	40	what did she do then ?	scream	scream , she did then	[('b', 'A3BAOQ3YJGTXM6', 58), ('b', 'A2WP04RFZ9STGJ', 86), ('d', 'A23HZ18KTCK2DA', 670), ('b', 'AZ4IFIU17NQ10', 786), ('d', 'A250TNE6XDKH4N', 256)]
b	['b', 'b', 'b', 'e', 'b']	21	meyer grew up where ?	universal parks & resorts .	universal parks & resorts . .	[('b', 'A23HZ18KTCK2DA', 675), ('b', 'AZIAQJWXTSFUX', 44), ('b', 'A3BAOQ3YJGTXM6', 143), ('e', 'A9KV8Q3VJY3Q5', 61), ('b', 'A1PF01FF85HUY4', 62)]
b	['b', 'd', 'e', 'd', 'b']	4	what time ?	3pm	the 3pm time time	[('b', 'A9KV8Q3VJY3Q5', 48), ('d', 'A3BAOQ3YJGTXM6', 123), ('e', 'A23HZ18KTCK2DA', 1998), ('d', 'A31CNXHGR49DJR', 98), ('b', 'AZ4IFIU17NQ10', 164)]
b	['b', 'b', 'd', 'e', 'b']	73	what would be another example ?	cotton	would be another example of cotton	[('b', 'A3BAOQ3YJGTXM6', 556), ('b', 'A1UBP7QDOJJPUO', 35), ('d', 'A9KV8Q3VJY3Q5', 67), ('e', 'A23HZ18KTCK2DA', 650), ('b', 'A250TNE6XDKH4N', 186)]
b	['b', 'b', 'd', 'e', 'e']	64	what kingdom was this area in ?	the kingdom of elmet	it was in the kingdom of elmet	[('b', 'A3BAOQ3YJGTXM6', 556), ('b', 'A1UBP7QDOJJPUO', 35), ('d', 'A9KV8Q3VJY3Q5', 67), ('e', 'A23HZ18KTCK2DA', 650), ('e', 'A250TNE6XDKH4N', 186)]
d	['d', 'e', 'd', 'e', 'd']	85	how old is the brave lady ?	30	it is about 30	[('d', 'ASN25PIODXIPJ', 446), ('e', 'A23HZ18KTCK2DA', 1979), ('d', 'AOMFEAWQHU3D8', 62), ('e', 'A3BAOQ3YJGTXM6', 432), ('d', 'AZIAQJWXTSFUX', 60)]
d	['e', 'd', 'd', 'e', 'd']	60	what 'd they use ?	a melon	they use a melon	[('e', 'A23HZ18KTCK2DA', 636), ('d', 'A1UBP7QDOJJPUO', 37), ('d', 'A9KV8Q3VJY3Q5', 62), ('e', 'A3BAOQ3YJGTXM6', 32), ('d', 'A250TNE6XDKH4N', 365)]
d	['d', 'b', 'd', 'd', 'b']	17	to what ?	kittens	to kittens , to kittens to what	[('d', 'A9KV8Q3VJY3Q5', 66), ('b', 'A250TNE6XDKH4N', 544), ('d', 'AZIAQJWXTSFUX', 98), ('d', 'A23HZ18KTCK2DA', 1994), ('b', 'A3BAOQ3YJGTXM6', 105)]
d	['d', 'd', 'd', 'd', 'd']	80	what was the sun doing ?	rising	the sun was doing rising	[('d', 'A23HZ18KTCK2DA', 680), ('d', 'A250TNE6XDKH4N', 636), ('d', 'AOMFEAWQHU3D8', 42), ('d', 'A1PF01FF85HUY4', 52), ('d', 'A3BAOQ3YJGTXM6', 810)]
d	['d', 'd', 'd', 'd', 'd']	22	why did dick want to lower it ?	he is not so tall	he wanted he is not so tall	[('d', 'A250TNE6XDKH4N', 355), ('d', 'A23HZ18KTCK2DA', 639), ('d', 'A3BAOQ3YJGTXM6', 206), ('d', 'A1PF01FF85HUY4', 63), ('d', 'AOMFEAWQHU3D8', 1687)]
d	['d', 'd', 'e', 'a', 'e']	46	who loves singing ?	jenny .	jenny . loves singing	[('d', 'A209ROKVKHDRM7', 244), ('d', 'A1UBP7QDOJJPUO', 61), ('e', 'A23HZ18KTCK2DA', 666), ('a', 'A9KV8Q3VJY3Q5', 54), ('e', 'A3BAOQ3YJGTXM6', 441)]
d	['a', 'd', 'e', 'd', 'e']	71	and his face is now what ?	graver	graver and his face is now	[('a', 'A209ROKVKHDRM7', 244), ('d', 'A1UBP7QDOJJPUO', 61), ('e', 'A23HZ18KTCK2DA', 666), ('d', 'A9KV8Q3VJY3Q5', 54), ('e', 'A3BAOQ3YJGTXM6', 441)]
d	['e', 'c', 'b', 'd', 'd']	98	how many activities is there to do there ?	three	there is three	[('e', 'A23HZ18KTCK2DA', 2484), ('c', 'A1UBP7QDOJJPUO', 34), ('b', 'A9KV8Q3VJY3Q5', 58), ('d', 'A3BAOQ3YJGTXM6', 192), ('d', 'A250TNE6XDKH4N', 275)]
d	['d', 'b', 'b', 'c', 'd']	99	why only four days ?	a farmer died	a farmer died , a farmer died	[('d', 'AOMFEAWQHU3D8', 45), ('b', 'A3BAOQ3YJGTXM6', 43), ('b', 'A1PF01FF85HUY4', 88), ('c', 'A9KV8Q3VJY3Q5', 59), ('d', 'A23HZ18KTCK2DA', 2053)]
d	['d', 'e', 'd', 'b', 'e']	54	what did he have to do 12 months after becoming unemployed ?	moving in with his mother	he had to do moving in with his mother	[('d', 'AOMFEAWQHU3D8', 45), ('e', 'A3BAOQ3YJGTXM6', 43), ('d', 'A1PF01FF85HUY4', 88), ('b', 'A9KV8Q3VJY3Q5', 59), ('e', 'A23HZ18KTCK2DA', 2053)]
d	['d', 'e', 'd', 'e', 'd']	72	where had he missed seeing smith ?	at the news	he had missed smith in at the news	[('d', 'A3BAOQ3YJGTXM6', 35), ('e', 'A23HZ18KTCK2DA', 2055), ('d', 'A250TNE6XDKH4N', 1069), ('e', 'AZIAQJWXTSFUX', 60), ('d', 'A9KV8Q3VJY3Q5', 67)]
d	['e', 'd', 'e', 'd', 'd']	66	what did ellen do when she grew up ?	she became queen	she did she became queen	[('e', 'A23HZ18KTCK2DA', 675), ('d', 'AZIAQJWXTSFUX', 44), ('e', 'A3BAOQ3YJGTXM6', 143), ('d', 'A9KV8Q3VJY3Q5', 61), ('d', 'A1PF01FF85HUY4', 62)]
d	['e', 'd', 'b', 'd', 'b']	81	how many students ar named ?	four	four students ar named	[('e', 'A23HZ18KTCK2DA', 675), ('d', 'AZIAQJWXTSFUX', 44), ('b', 'A3BAOQ3YJGTXM6', 143), ('d', 'A9KV8Q3VJY3Q5', 61), ('b', 'A1PF01FF85HUY4', 62)]
d	['d', 'e', 'd', 'e', 'd']	50	when should he supposed to have left ?	an hour ago	he should supposed to have left an hour ago	[('d', 'A250TNE6XDKH4N', 557), ('e', 'A3BAOQ3YJGTXM6', 160), ('d', 'AZIAQJWXTSFUX', 58), ('e', 'A23HZ18KTCK2DA', 643), ('d', 'AOMFEAWQHU3D8', 50)]
d	['b', 'd', 'd', 'd', 'd']	61	how did dave leave ?	he left on an ice-boat	he left he left on an ice-boat	[('b', 'A250TNE6XDKH4N', 557), ('d', 'A3BAOQ3YJGTXM6', 160), ('d', 'AZIAQJWXTSFUX', 58), ('d', 'A23HZ18KTCK2DA', 643), ('d', 'AOMFEAWQHU3D8', 50)]
d	['d', 'd', 'd', 'd', 'b']	18	what was their interaction ?	they shook hands	it was they shook hands	[('d', 'A3BAOQ3YJGTXM6', 64), ('d', 'A23HZ18KTCK2DA', 673), ('d', 'A9KV8Q3VJY3Q5', 59), ('d', 'A1BA1HVF140OC7', 222), ('b', 'A2WP04RFZ9STGJ', 148)]
d	['a', 'd', 'd', 'c', 'b']	68	who says it 's getting cold ?	dick	the dick says	[('a', 'A2WP04RFZ9STGJ', 83), ('d', 'A23HZ18KTCK2DA', 2049), ('d', 'A250TNE6XDKH4N', 217), ('c', 'A1UBP7QDOJJPUO', 40), ('b', 'A3BAOQ3YJGTXM6', 43)]
d	['d', 'd', 'd', 'e', 'd']	27	which city is first ?	bridgeport	the bridgeport is first	[('d', 'A1UBP7QDOJJPUO', 41), ('d', 'A23HZ18KTCK2DA', 664), ('d', 'AZIAQJWXTSFUX', 90), ('e', 'A3BAOQ3YJGTXM6', 33), ('d', 'A9KV8Q3VJY3Q5', 72)]
e	['e', 'e', 'b', 'd', 'e']	44	what kind of society did mark see these classes in ?	modern capitalist society	they saw these classes in modern capitalist society	[('e', 'AZIAQJWXTSFUX', 116), ('e', 'A23HZ18KTCK2DA', 2020), ('b', 'A9KV8Q3VJY3Q5', 61), ('d', 'A250TNE6XDKH4N', 476), ('e', 'A3BAOQ3YJGTXM6', 30)]
e	['d', 'e', 'b', 'e', 'e']	95	what is another part he supplies ?	break-pads	it is break-pads	[('d', 'AZIAQJWXTSFUX', 116), ('e', 'A23HZ18KTCK2DA', 2020), ('b', 'A9KV8Q3VJY3Q5', 61), ('e', 'A250TNE6XDKH4N', 476), ('e', 'A3BAOQ3YJGTXM6', 30)]
e	['e', 'e', 'b', 'e', 'e']	47	what were they ?	puppies and kitties	they were puppies and kitties	[('e', 'AZIAQJWXTSFUX', 116), ('e', 'A23HZ18KTCK2DA', 2020), ('b', 'A9KV8Q3VJY3Q5', 61), ('e', 'A250TNE6XDKH4N', 476), ('e', 'A3BAOQ3YJGTXM6', 30)]
e	['e', 'e', 'b', 'd', 'e']	10	who does she mention in her reply ?	jimmy	she talks to jimmy	[('e', 'AZIAQJWXTSFUX', 116), ('e', 'A23HZ18KTCK2DA', 2020), ('b', 'A9KV8Q3VJY3Q5', 61), ('d', 'A250TNE6XDKH4N', 476), ('e', 'A3BAOQ3YJGTXM6', 30)]
e	['c', 'e', 'd', 'e', 'd']	36	what revolt did he lead after that ?	the autumn harvest uprising	he led after the autumn harvest uprising	[('c', 'ASN25PIODXIPJ', 446), ('e', 'A23HZ18KTCK2DA', 1979), ('d', 'AOMFEAWQHU3D8', 62), ('e', 'A3BAOQ3YJGTXM6', 432), ('d', 'AZIAQJWXTSFUX', 60)]
e	['d', 'e', 'd', 'e', 'e']	15	what building was struck ?	hamas naval building	a hamas naval building was struck	[('d', 'ASN25PIODXIPJ', 446), ('e', 'A23HZ18KTCK2DA', 1979), ('d', 'AOMFEAWQHU3D8', 62), ('e', 'A3BAOQ3YJGTXM6', 432), ('e', 'AZIAQJWXTSFUX', 60)]
e	['e', 'e', 'e', 'e', 'b']	9	who asks him about it ?	sam	sam asks him	[('e', 'AZ4IFIU17NQ10', 423), ('e', 'A3BAOQ3YJGTXM6', 91), ('e', 'A23HZ18KTCK2DA', 649), ('e', 'A1PF01FF85HUY4', 42), ('b', 'A9KV8Q3VJY3Q5', 55)]
e	['e', 'e', 'e', 'e', 'b']	42	what are they ?	an international news organization	they are an international news organization	[('e', 'AZ4IFIU17NQ10', 423), ('e', 'A3BAOQ3YJGTXM6', 91), ('e', 'A23HZ18KTCK2DA', 649), ('e', 'A1PF01FF85HUY4', 42), ('b', 'A9KV8Q3VJY3Q5', 55)]
e	['e', 'd', 'd', 'e', 'c']	82	who spoke first to the messenger ?	dick	the dick spoke first	[('e', 'A23HZ18KTCK2DA', 636), ('d', 'A1UBP7QDOJJPUO', 37), ('d', 'A9KV8Q3VJY3Q5', 62), ('e', 'A3BAOQ3YJGTXM6', 32), ('c', 'A250TNE6XDKH4N', 365)]
e	['e', 'd', 'd', 'e', 'e']	5	who was it ?	a little girl	it was a little girl	[('e', 'A23HZ18KTCK2DA', 636), ('d', 'A1UBP7QDOJJPUO', 37), ('d', 'A9KV8Q3VJY3Q5', 62), ('e', 'A3BAOQ3YJGTXM6', 32), ('e', 'A250TNE6XDKH4N', 365)]
e	['e', 'd', 'd', 'e', 'e']	33	which grip did he develop ?	""" the overlapping grip """	"he developed "" the overlapping grip """	[('e', 'A23HZ18KTCK2DA', 636), ('d', 'A1UBP7QDOJJPUO', 37), ('d', 'A9KV8Q3VJY3Q5', 62), ('e', 'A3BAOQ3YJGTXM6', 32), ('e', 'A250TNE6XDKH4N', 365)]
e	['e', 'e', 'e', 'e', 'e']	48	how long are area codes ?	from two to 5 digits	they are from two to 5 digits	[('e', 'A9KV8Q3VJY3Q5', 66), ('e', 'A250TNE6XDKH4N', 544), ('e', 'AZIAQJWXTSFUX', 98), ('e', 'A23HZ18KTCK2DA', 1994), ('e', 'A3BAOQ3YJGTXM6', 105)]
e	['d', 'e', 'e', 'e', 'e']	78	what was made to honor the occasion ?	the hanoi ceramic mosaic mural	the hanoi ceramic mosaic mural was made to honor the occasion	[('d', 'A9KV8Q3VJY3Q5', 66), ('e', 'A250TNE6XDKH4N', 544), ('e', 'AZIAQJWXTSFUX', 98), ('e', 'A23HZ18KTCK2DA', 1994), ('e', 'A3BAOQ3YJGTXM6', 105)]
e	['a', 'e', 'e', 'e', 'e']	53	what are police looking for ?	other suspects	they are looking for other suspects	[('a', 'A9KV8Q3VJY3Q5', 66), ('e', 'A250TNE6XDKH4N', 544), ('e', 'AZIAQJWXTSFUX', 98), ('e', 'A23HZ18KTCK2DA', 1994), ('e', 'A3BAOQ3YJGTXM6', 105)]
e	['e', 'e', 'e', 'd', 'e']	29	what 'd they do so they were allowed to go ?	their chores	they 'd do their chores	[('e', 'A23HZ18KTCK2DA', 680), ('e', 'A250TNE6XDKH4N', 636), ('e', 'AOMFEAWQHU3D8', 42), ('d', 'A1PF01FF85HUY4', 52), ('e', 'A3BAOQ3YJGTXM6', 810)]
e	['e', 'e', 'e', 'e', 'e']	2	when will giordano go to court ?	monday	giordano will go to court on monday	[('e', 'A23HZ18KTCK2DA', 680), ('e', 'A250TNE6XDKH4N', 636), ('e', 'AOMFEAWQHU3D8', 42), ('e', 'A1PF01FF85HUY4', 52), ('e', 'A3BAOQ3YJGTXM6', 810)]
e	['e', 'd', 'd', 'e', 'b']	45	for whose benefit ?	musicares foundation	the musicares foundation benefit	[('e', 'A23HZ18KTCK2DA', 680), ('d', 'A250TNE6XDKH4N', 636), ('d', 'AOMFEAWQHU3D8', 42), ('e', 'A1PF01FF85HUY4', 52), ('b', 'A3BAOQ3YJGTXM6', 810)]
e	['e', 'b', 'd', 'e', 'b']	20	on what ?	the naked back of martin	on the naked back of martin	[('e', 'A23HZ18KTCK2DA', 680), ('b', 'A250TNE6XDKH4N', 636), ('d', 'AOMFEAWQHU3D8', 42), ('e', 'A1PF01FF85HUY4', 52), ('b', 'A3BAOQ3YJGTXM6', 810)]
e	['e', 'e', 'e', 'e', 'e']	14	who came in with fred ?	the miners	the miners came in with fred	[('e', 'A250TNE6XDKH4N', 355), ('e', 'A23HZ18KTCK2DA', 639), ('e', 'A3BAOQ3YJGTXM6', 206), ('e', 'A1PF01FF85HUY4', 63), ('e', 'AOMFEAWQHU3D8', 1687)]
e	['e', 'e', 'e', 'e', 'd']	11	what connect childhood and adulthood ?	adolescence	the adolescence connect childhood and adulthood	[('e', 'A250TNE6XDKH4N', 355), ('e', 'A23HZ18KTCK2DA', 639), ('e', 'A3BAOQ3YJGTXM6', 206), ('e', 'A1PF01FF85HUY4', 63), ('d', 'AOMFEAWQHU3D8', 1687)]
e	['d', 'e', 'e', 'd', 'e']	19	who did they meet ?	editing for the front page	they met editing for the front page	[('d', 'A250TNE6XDKH4N', 355), ('e', 'A23HZ18KTCK2DA', 639), ('e', 'A3BAOQ3YJGTXM6', 206), ('d', 'A1PF01FF85HUY4', 63), ('e', 'AOMFEAWQHU3D8', 1687)]
e	['e', 'd', 'e', 'd', 'e']	100	what did scheibler invent ?	the tonometer	scheibler invented the tonometer	[('e', 'A209ROKVKHDRM7', 244), ('d', 'A1UBP7QDOJJPUO', 61), ('e', 'A23HZ18KTCK2DA', 666), ('d', 'A9KV8Q3VJY3Q5', 54), ('e', 'A3BAOQ3YJGTXM6', 441)]
e	['e', 'd', 'e', 'd', 'e']	55	where will they visit next time ?	the beach	they will visit the beach next time	[('e', 'A209ROKVKHDRM7', 244), ('d', 'A1UBP7QDOJJPUO', 61), ('e', 'A23HZ18KTCK2DA', 666), ('d', 'A9KV8Q3VJY3Q5', 54), ('e', 'A3BAOQ3YJGTXM6', 441)]
e	['e', 'd', 'e', 'b', 'e']	51	who reported this story ?	cnn	cnn reported this story	[('e', 'A209ROKVKHDRM7', 244), ('d', 'A1UBP7QDOJJPUO', 61), ('e', 'A23HZ18KTCK2DA', 666), ('b', 'A9KV8Q3VJY3Q5', 54), ('e', 'A3BAOQ3YJGTXM6', 441)]
e	['e', 'd', 'b', 'e', 'e']	62	how far from outen was he ?	about 280 miles away	he was about 280 miles away	[('e', 'A23HZ18KTCK2DA', 2484), ('d', 'A1UBP7QDOJJPUO', 34), ('b', 'A9KV8Q3VJY3Q5', 58), ('e', 'A3BAOQ3YJGTXM6', 192), ('e', 'A250TNE6XDKH4N', 275)]
e	['e', 'd', 'b', 'e', 'e']	58	how many miles is it west-south-west of london ?	190	it is west-south-west 190 miles	[('e', 'A23HZ18KTCK2DA', 2484), ('d', 'A1UBP7QDOJJPUO', 34), ('b', 'A9KV8Q3VJY3Q5', 58), ('e', 'A3BAOQ3YJGTXM6', 192), ('e', 'A250TNE6XDKH4N', 275)]
e	['e', 'd', 'b', 'e', 'e']	77	who is right ?	jim	jim is right	[('e', 'A23HZ18KTCK2DA', 2484), ('d', 'A1UBP7QDOJJPUO', 34), ('b', 'A9KV8Q3VJY3Q5', 58), ('e', 'A3BAOQ3YJGTXM6', 192), ('e', 'A250TNE6XDKH4N', 275)]
e	['e', 'e', 'e', 'e', 'e']	31	how does it make him feel ?	surprised	it makes him feel surprised	[('e', 'A3BAOQ3YJGTXM6', 58), ('e', 'A2WP04RFZ9STGJ', 86), ('e', 'A23HZ18KTCK2DA', 670), ('e', 'AZ4IFIU17NQ10', 786), ('e', 'A250TNE6XDKH4N', 256)]
e	['e', 'd', 'e', 'e', 'e']	25	when did the overthrow occur ?	1917,	it occured in 1917,	[('e', 'A3BAOQ3YJGTXM6', 58), ('d', 'A2WP04RFZ9STGJ', 86), ('e', 'A23HZ18KTCK2DA', 670), ('e', 'AZ4IFIU17NQ10', 786), ('e', 'A250TNE6XDKH4N', 256)]
e	['e', 'e', 'e', 'b', 'e']	57	who helped coach him throughout his career ?	donald rumsfeld	donald rumsfeld helped coach him	[('e', 'AOMFEAWQHU3D8', 45), ('e', 'A3BAOQ3YJGTXM6', 43), ('e', 'A1PF01FF85HUY4', 88), ('b', 'A9KV8Q3VJY3Q5', 59), ('e', 'A23HZ18KTCK2DA', 2053)]
e	['e', 'e', 'e', 'c', 'e']	79	what is that ?	a mayan temple	that is a mayan temple	[('e', 'AOMFEAWQHU3D8', 45), ('e', 'A3BAOQ3YJGTXM6', 43), ('e', 'A1PF01FF85HUY4', 88), ('c', 'A9KV8Q3VJY3Q5', 59), ('e', 'A23HZ18KTCK2DA', 2053)]
e	['d', 'e', 'e', 'a', 'e']	16	what did they do ?	treasonable secret covenant	they did treasonable secret covenant	[('d', 'AOMFEAWQHU3D8', 45), ('e', 'A3BAOQ3YJGTXM6', 43), ('e', 'A1PF01FF85HUY4', 88), ('a', 'A9KV8Q3VJY3Q5', 59), ('e', 'A23HZ18KTCK2DA', 2053)]
e	['e', 'e', 'e', 'e', 'e']	24	when did pope john paul ii visit ?	1982	he visited in 1982	[('e', 'A3BAOQ3YJGTXM6', 35), ('e', 'A23HZ18KTCK2DA', 2055), ('e', 'A250TNE6XDKH4N', 1069), ('e', 'AZIAQJWXTSFUX', 60), ('e', 'A9KV8Q3VJY3Q5', 67)]
e	['e', 'e', 'e', 'e', 'd']	67	who felt there was a silence before the storm ?	even saton	even saton felt there was a silence	[('e', 'A3BAOQ3YJGTXM6', 35), ('e', 'A23HZ18KTCK2DA', 2055), ('e', 'A250TNE6XDKH4N', 1069), ('e', 'AZIAQJWXTSFUX', 60), ('d', 'A9KV8Q3VJY3Q5', 67)]
e	['e', 'e', 'e', 'e', 'd']	90	what was she doing when they got there ?	cooking	she was doing the cooking	[('e', 'A3BAOQ3YJGTXM6', 35), ('e', 'A23HZ18KTCK2DA', 2055), ('e', 'A250TNE6XDKH4N', 1069), ('e', 'AZIAQJWXTSFUX', 60), ('d', 'A9KV8Q3VJY3Q5', 67)]
e	['e', 'e', 'd', 'e', 'd']	94	what continent is buenos aires found on ?	south america	it is found on south america	[('e', 'A3BAOQ3YJGTXM6', 35), ('e', 'A23HZ18KTCK2DA', 2055), ('d', 'A250TNE6XDKH4N', 1069), ('e', 'AZIAQJWXTSFUX', 60), ('d', 'A9KV8Q3VJY3Q5', 67)]
e	['e', 'd', 'e', 'd', 'e']	86	how long ago was it inhabited ?	2000 years	it was inhabited in 2000 years	[('e', 'A23HZ18KTCK2DA', 675), ('d', 'AZIAQJWXTSFUX', 44), ('e', 'A3BAOQ3YJGTXM6', 143), ('d', 'A9KV8Q3VJY3Q5', 61), ('e', 'A1PF01FF85HUY4', 62)]
e	['e', 'e', 'e', 'd', 'e']	28	why did he make the trip ?	to deliver the diary .	he made the trip to deliver the diary .	[('e', 'A23HZ18KTCK2DA', 675), ('e', 'AZIAQJWXTSFUX', 44), ('e', 'A3BAOQ3YJGTXM6', 143), ('d', 'A9KV8Q3VJY3Q5', 61), ('e', 'A1PF01FF85HUY4', 62)]
e	['e', 'e', 'e', 'd', 'e']	6	what did archie receive after his arrival at camp ?	orders	he received orders	[('e', 'A23HZ18KTCK2DA', 675), ('e', 'AZIAQJWXTSFUX', 44), ('e', 'A3BAOQ3YJGTXM6', 143), ('d', 'A9KV8Q3VJY3Q5', 61), ('e', 'A1PF01FF85HUY4', 62)]
e	['d', 'e', 'e', 'e', 'e']	76	how did people in the stadium react ?	boos	people reacted to boos	[('d', 'A3BAOQ3YJGTXM6', 95), ('e', 'AZIAQJWXTSFUX', 54), ('e', 'A1PF01FF85HUY4', 38), ('e', 'A250TNE6XDKH4N', 1440), ('e', 'A23HZ18KTCK2DA', 2044)]
e	['e', 'e', 'e', 'e', 'e']	59	who did he pass the bell to ?	alice	he passed the bell to alice	[('e', 'A3BAOQ3YJGTXM6', 95), ('e', 'AZIAQJWXTSFUX', 54), ('e', 'A1PF01FF85HUY4', 38), ('e', 'A250TNE6XDKH4N', 1440), ('e', 'A23HZ18KTCK2DA', 2044)]
e	['b', 'e', 'e', 'e', 'e']	26	what time was it ?	about five o 'clock	it was about five o 'clock	[('b', 'A9KV8Q3VJY3Q5', 48), ('e', 'A3BAOQ3YJGTXM6', 123), ('e', 'A23HZ18KTCK2DA', 1998), ('e', 'A31CNXHGR49DJR', 98), ('e', 'AZ4IFIU17NQ10', 164)]
e	['d', 'e', 'e', 'e', 'e']	7	who got the next item for him ?	the landlady	the landlady got the next item	[('d', 'A9KV8Q3VJY3Q5', 48), ('e', 'A3BAOQ3YJGTXM6', 123), ('e', 'A23HZ18KTCK2DA', 1998), ('e', 'A31CNXHGR49DJR', 98), ('e', 'AZ4IFIU17NQ10', 164)]
e	['c', 'd', 'b', 'e', 'e']	23	where did the tribes branch out to in the migration period ?	southward .	they allied out to southward .	[('c', 'A9KV8Q3VJY3Q5', 294), ('d', 'A250TNE6XDKH4N', 230), ('b', 'A2MDXIIXH2UNRH', 141), ('e', 'A3BAOQ3YJGTXM6', 109), ('e', 'A23HZ18KTCK2DA', 2467)]
e	['d', 'e', 'd', 'e', 'e']	87	when did he visit her grave ?	friday	he visited her grave on friday	[('d', 'A9KV8Q3VJY3Q5', 294), ('e', 'A250TNE6XDKH4N', 230), ('d', 'A2MDXIIXH2UNRH', 141), ('e', 'A3BAOQ3YJGTXM6', 109), ('e', 'A23HZ18KTCK2DA', 2467)]
e	['c', 'e', 'b', 'e', 'e']	84	who were they searching for ?	nell	they were searching for nell	[('c', 'A9KV8Q3VJY3Q5', 294), ('e', 'A250TNE6XDKH4N', 230), ('b', 'A2MDXIIXH2UNRH', 141), ('e', 'A3BAOQ3YJGTXM6', 109), ('e', 'A23HZ18KTCK2DA', 2467)]
e	['c', 'e', 'a', 'e', 'e']	43	who 's the editor ?	mark sappenfield	it is mark sappenfield	[('c', 'A9KV8Q3VJY3Q5', 294), ('e', 'A250TNE6XDKH4N', 230), ('a', 'A2MDXIIXH2UNRH', 141), ('e', 'A3BAOQ3YJGTXM6', 109), ('e', 'A23HZ18KTCK2DA', 2467)]
e	['d', 'e', 'e', 'e', 'e']	52	who created the immunity plan ?	the gulf cooperation council	the gulf cooperation council created the immunity plan	[('d', 'A9KV8Q3VJY3Q5', 294), ('e', 'A250TNE6XDKH4N', 230), ('e', 'A2MDXIIXH2UNRH', 141), ('e', 'A3BAOQ3YJGTXM6', 109), ('e', 'A23HZ18KTCK2DA', 2467)]
e	['e', 'e', 'e', 'e', 'e']	96	how many times was he observed ?	several times	he was observed several times	[('e', 'AOMFEAWQHU3D8', 47), ('e', 'A1PF01FF85HUY4', 61), ('e', 'A250TNE6XDKH4N', 488), ('e', 'A3BAOQ3YJGTXM6', 322), ('e', 'A23HZ18KTCK2DA', 2021)]
e	['e', 'e', 'e', 'e', 'e']	74	if i were irish in the 1800s and going to america , what port would i likely leave from ?	liverpool	i would likely leave from liverpool	[('e', 'AOMFEAWQHU3D8', 47), ('e', 'A1PF01FF85HUY4', 61), ('e', 'A250TNE6XDKH4N', 488), ('e', 'A3BAOQ3YJGTXM6', 322), ('e', 'A23HZ18KTCK2DA', 2021)]
e	['d', 'e', 'e', 'e', 'e']	34	kids can acquire new knowledge from making what ?	money	money can acquire new knowledge	[('d', 'A250TNE6XDKH4N', 557), ('e', 'A3BAOQ3YJGTXM6', 160), ('e', 'AZIAQJWXTSFUX', 58), ('e', 'A23HZ18KTCK2DA', 643), ('e', 'AOMFEAWQHU3D8', 50)]
e	['e', 'e', 'b', 'e', 'e']	32	what 's a danish name for it ?	slesvig-holsten	it is slesvig-holsten	[('e', 'A250TNE6XDKH4N', 557), ('e', 'A3BAOQ3YJGTXM6', 160), ('b', 'AZIAQJWXTSFUX', 58), ('e', 'A23HZ18KTCK2DA', 643), ('e', 'AOMFEAWQHU3D8', 50)]
e	['e', 'e', 'e', 'e', 'd']	69	who was at the wattchtower ?	the duke and alberic	the duke and alberic was at the wattchtower	[('e', 'A250TNE6XDKH4N', 557), ('e', 'A3BAOQ3YJGTXM6', 160), ('e', 'AZIAQJWXTSFUX', 58), ('e', 'A23HZ18KTCK2DA', 643), ('d', 'AOMFEAWQHU3D8', 50)]
e	['e', 'b', 'd', 'e', 'e']	37	what does she feel made her a victim ?	race-conscious admission policies	she feels race-conscious admission policies made her a victim	[('e', 'A3BAOQ3YJGTXM6', 556), ('b', 'A1UBP7QDOJJPUO', 35), ('d', 'A9KV8Q3VJY3Q5', 67), ('e', 'A23HZ18KTCK2DA', 650), ('e', 'A250TNE6XDKH4N', 186)]
e	['e', 'b', 'd', 'e', 'e']	88	where did it hide ?	in the bathroom	it hid in the bathroom	[('e', 'A3BAOQ3YJGTXM6', 556), ('b', 'A1UBP7QDOJJPUO', 35), ('d', 'A9KV8Q3VJY3Q5', 67), ('e', 'A23HZ18KTCK2DA', 650), ('e', 'A250TNE6XDKH4N', 186)]
e	['e', 'e', 'd', 'e', 'e']	63	when did it have a name change ?	1989	it had a name change in 1989	[('e', 'A3BAOQ3YJGTXM6', 64), ('e', 'A23HZ18KTCK2DA', 673), ('d', 'A9KV8Q3VJY3Q5', 59), ('e', 'A1BA1HVF140OC7', 222), ('e', 'A2WP04RFZ9STGJ', 148)]
e	['e', 'e', 'd', 'e', 'e']	92	when did he record the message ?	shortly before he was killed	he recorded the message shortly before he was killed	[('e', 'A3BAOQ3YJGTXM6', 64), ('e', 'A23HZ18KTCK2DA', 673), ('d', 'A9KV8Q3VJY3Q5', 59), ('e', 'A1BA1HVF140OC7', 222), ('e', 'A2WP04RFZ9STGJ', 148)]
e	['e', 'e', 'e', 'e', 'c']	1	what is its population ?	476,015	it is 476,015	[('e', 'A3BAOQ3YJGTXM6', 64), ('e', 'A23HZ18KTCK2DA', 673), ('e', 'A9KV8Q3VJY3Q5', 59), ('e', 'A1BA1HVF140OC7', 222), ('c', 'A2WP04RFZ9STGJ', 148)]
e	['e', 'e', 'd', 'e', 'b']	91	what held her attention on the meal ?	the toughness of the beefsteaks	the toughness of the beefsteaks held her attention	[('e', 'A3BAOQ3YJGTXM6', 64), ('e', 'A23HZ18KTCK2DA', 673), ('d', 'A9KV8Q3VJY3Q5', 59), ('e', 'A1BA1HVF140OC7', 222), ('b', 'A2WP04RFZ9STGJ', 148)]
e	['e', 'd', 'e', 'b', 'e']	97	what award was it ?	nobel prize in medicine	it was nobel prize in medicine	[('e', 'A23HZ18KTCK2DA', 2035), ('d', 'AZIAQJWXTSFUX', 57), ('e', 'A3BAOQ3YJGTXM6', 57), ('b', 'A9KV8Q3VJY3Q5', 58), ('e', 'A250TNE6XDKH4N', 642)]
e	['e', 'e', 'e', 'b', 'e']	89	who is the president of the ncaa ?	mark emmert	mark emmert is the president	[('e', 'A23HZ18KTCK2DA', 2035), ('e', 'AZIAQJWXTSFUX', 57), ('e', 'A3BAOQ3YJGTXM6', 57), ('b', 'A9KV8Q3VJY3Q5', 58), ('e', 'A250TNE6XDKH4N', 642)]
e	['e', 'e', 'e', 'b', 'e']	83	how many prisoners did jordan kill ?	two prisoners	he killed two prisoners	[('e', 'A23HZ18KTCK2DA', 2035), ('e', 'AZIAQJWXTSFUX', 57), ('e', 'A3BAOQ3YJGTXM6', 57), ('b', 'A9KV8Q3VJY3Q5', 58), ('e', 'A250TNE6XDKH4N', 642)]
e	['e', 'e', 'e', 'd', 'e']	93	how did he plead ?	guilty	he pleaded guilty	[('e', 'A23HZ18KTCK2DA', 2035), ('e', 'AZIAQJWXTSFUX', 57), ('e', 'A3BAOQ3YJGTXM6', 57), ('d', 'A9KV8Q3VJY3Q5', 58), ('e', 'A250TNE6XDKH4N', 642)]
e	['e', 'd', 'e', 'e', 'd']	3	how did he feel ?	he was interested	he felt he was interested	[('e', 'A3BAOQ3YJGTXM6', 38), ('d', 'AZ4IFIU17NQ10', 214), ('e', 'A23HZ18KTCK2DA', 626), ('e', 'A250TNE6XDKH4N', 219), ('d', 'A1UBP7QDOJJPUO', 104)]
e	['e', 'e', 'e', 'e', 'd']	35	how many were there ?	675 aborigines	there were 675 aborigines	[('e', 'A3BAOQ3YJGTXM6', 38), ('e', 'AZ4IFIU17NQ10', 214), ('e', 'A23HZ18KTCK2DA', 626), ('e', 'A250TNE6XDKH4N', 219), ('d', 'A1UBP7QDOJJPUO', 104)]
e	['e', 'e', 'e', 'e', 'd']	70	who is the author ?	james	james is the author	[('e', 'A3BAOQ3YJGTXM6', 38), ('e', 'AZ4IFIU17NQ10', 214), ('e', 'A23HZ18KTCK2DA', 626), ('e', 'A250TNE6XDKH4N', 219), ('d', 'A1UBP7QDOJJPUO', 104)]
e	['e', 'e', 'e', 'e', 'c']	38	"its clever "" who did he tell that to ?"	honors colloquium	he told the honors colloquium	[('e', 'A3BAOQ3YJGTXM6', 38), ('e', 'AZ4IFIU17NQ10', 214), ('e', 'A23HZ18KTCK2DA', 626), ('e', 'A250TNE6XDKH4N', 219), ('c', 'A1UBP7QDOJJPUO', 104)]
e	['e', 'b', 'e', 'd', 'c']	30	what does he think of her as ?	a sister	he thinks of a sister	[('e', 'A3BAOQ3YJGTXM6', 38), ('b', 'AZ4IFIU17NQ10', 214), ('e', 'A23HZ18KTCK2DA', 626), ('d', 'A250TNE6XDKH4N', 219), ('c', 'A1UBP7QDOJJPUO', 104)]
e	['c', 'b', 'a', 'e', 'e']	8	what battle was fought in 675 ?	the battle of bedwyn	the battle of bedwyn was fought	[('c', 'A1UBP7QDOJJPUO', 50), ('b', 'A2WP04RFZ9STGJ', 90), ('a', 'A9KV8Q3VJY3Q5', 71), ('e', 'A3BAOQ3YJGTXM6', 91), ('e', 'A23HZ18KTCK2DA', 661)]
e	['b', 'e', 'd', 'e', 'e']	56	what had he been drinking ?	coors beer	he had been drinking coors beer	[('b', 'A1UBP7QDOJJPUO', 50), ('e', 'A2WP04RFZ9STGJ', 90), ('d', 'A9KV8Q3VJY3Q5', 71), ('e', 'A3BAOQ3YJGTXM6', 91), ('e', 'A23HZ18KTCK2DA', 661)]
e	['c', 'e', 'd', 'e', 'e']	65	how was it originally spelled ?	dacca	it was originally spelled dacca	[('c', 'A1UBP7QDOJJPUO', 50), ('e', 'A2WP04RFZ9STGJ', 90), ('d', 'A9KV8Q3VJY3Q5', 71), ('e', 'A3BAOQ3YJGTXM6', 91), ('e', 'A23HZ18KTCK2DA', 661)]
e	['c', 'e', 'b', 'e', 'e']	41	who hosts it ?	liu zaishi	liu zaishi hosts it	[('c', 'A1UBP7QDOJJPUO', 50), ('e', 'A2WP04RFZ9STGJ', 90), ('b', 'A9KV8Q3VJY3Q5', 71), ('e', 'A3BAOQ3YJGTXM6', 91), ('e', 'A23HZ18KTCK2DA', 661)]
e	['e', 'e', 'e', 'b', 'e']	39	who gave them ?	mr. coningsby	mr. coningsby gave them	[('e', 'A2WP04RFZ9STGJ', 83), ('e', 'A23HZ18KTCK2DA', 2049), ('e', 'A250TNE6XDKH4N', 217), ('b', 'A1UBP7QDOJJPUO', 40), ('e', 'A3BAOQ3YJGTXM6', 43)]
e	['d', 'e', 'e', 'e', 'e']	75	how much of it is service ?	82.8 %	it is 82.8 %	[('d', 'A1UBP7QDOJJPUO', 41), ('e', 'A23HZ18KTCK2DA', 664), ('e', 'AZIAQJWXTSFUX', 90), ('e', 'A3BAOQ3YJGTXM6', 33), ('e', 'A9KV8Q3VJY3Q5', 72)]
